author_handle,author_display_name,created_at,text,uri,reply_count,quote_count,repost_count,embed_type,language,platform
christownsend.bsky.social,Chris Townsend,2025-07-20 20:19:15.607000+00:00,Pacerpoles: The Best Trekking Poles Reviewed - SectionHiker.com sectionhiker.com/pacerpoles-m...,at://did:plc:ev4cad5qh62slhfhvwl3uz2w/app.bsky.feed.post/3lugcdfmpjk2o,0,0,1,app.bsky.embed.external#view,en,bluesky
bestgoods.bsky.social,,2025-07-19 15:05:38.781000+00:00,"üöÄ Score big on Amazon deals! Check out these unbeatable bargains: **$10 Trekking Poles**, **$5 Rechargeable Battery**, and **$3 Halved Garden Shears**‚Äîperfect for weekend warriors and gardeners alike! üåøüí∞ Shop now f... buy anything from amazon before it's too late using this link: cutt.ly/lhcsoh",at://did:plc:z6yx2cj7m5rraewmok2wyllz/app.bsky.feed.post/3ludadozyv22v,0,0,0,,en,bluesky
linnaeus.bsky.social,Linnaeus,2025-07-18 18:43:11.942000+00:00,"Found a site that sells outdoor themed T-shirts with various animals in backpacking gear. Which is kind of my jam, admittedly. Not sure what those animals are going to do with those trekking poles though.",at://did:plc:7cu43wghbmag63cer7fmadkw/app.bsky.feed.post/3lub3zsbopj26,1,0,0,app.bsky.embed.images#view,en,bluesky
bestgoods.bsky.social,,2025-07-18 18:22:48.110000+00:00,Gr8 Amazon deals! Trekking poles? Try the Ultralight XP for the newbie hiker @40% off. üèûÔ∏è‚ú® Other gems: üñ•Ô∏èStabile desk stand by Rhubarb for the WFH crew @70% off & üéÅ Vanity mirror by Roseimarie for that weekend glam... buy anything from amazon before it's too late using this link: cutt.ly/lhcsoh,at://did:plc:z6yx2cj7m5rraewmok2wyllz/app.bsky.feed.post/3lub2vcvpyc27,0,0,0,,en,bluesky
mount-kilimanjaro.bsky.social,Kilimanjaro Centre For Trekking And Ecotourism (KCTE),2025-07-16 23:07:59+00:00,"Recommended Trekking Poles For Kilimanjaro 
Reaching New Heights: Recommended Trekking Poles For Your Kilimanjaro Adventure
Embark on an Unforge 
Read More ",at://did:plc:rdzczxrigbfwsizjcnt74o4f/app.bsky.feed.post/3lu4jvlnyek2j,0,0,0,app.bsky.embed.external#view,en,bluesky
mount-kilimanjaro.bsky.social,Kilimanjaro Centre For Trekking And Ecotourism (KCTE),2025-07-16 18:42:57+00:00,"High-quality Trekking Poles For Kilimanjaro 
High-Quality Trekking Poles for Kilimanjaro: Your Essential Guide
Ascending Kilimanjaro with Confide 
Read More ",at://did:plc:rdzczxrigbfwsizjcnt74o4f/app.bsky.feed.post/3lu433m2npy2b,0,0,0,app.bsky.embed.external#view,en,bluesky
skyv.bsky.social,Fox,2025-07-13 00:26:31.504000+00:00,"Ah yes, I had two of these pass me in Shenandoah NP this morning. Yes, it was a trailhead off a main road. It was also 2000 feet of elevation in 4 miles, at 80 degrees and 80% humidity, and we got an inch of rain. You need more than just trekking poles.",at://did:plc:qyrrh77cuaek3ch5w476mzv7/app.bsky.feed.post/3ltsmg6kf622k,1,0,0,,en,bluesky
lifecraftscentre.bsky.social,LifeCraftsCentre,2025-07-12 22:08:20.022895+00:00,"Top 10 trekking poles that will transform your hiking experience. Game-changing gear that improves stability, reduces fatigue, and enhances performance. #TrekkingPoles #HikingGear #BackpackingEssentials

",at://did:plc:vnhuj53uommgrfmeton3smvm/app.bsky.feed.post/3ltsep3gmun2v,0,0,0,app.bsky.embed.images#view,en,bluesky
raccaranger.bsky.social,Racca,2025-07-11 18:58:29.687000+00:00,"I definitely brought way too much with me but I‚Äôm glad I did. Too many snacks, just enough water and electrolytes. I forgot to take my motorcycle rain gear and tools out of my pack but I wasn‚Äôt mad at the extra weight. 

Might get some trekking poles just to have something to clear spider webs lol.",at://did:plc:ssyyuso5fltyamludevci6r6/app.bsky.feed.post/3ltpjmp2aqs2t,0,0,0,,en,bluesky
theshastaone.bsky.social,Shasta,2025-07-08 00:38:23.555000+00:00,"First impressions of the Compressport Free Belt Pro: it is a worthy successor to my FlipBelt. Lighter weight, more stable, more capacity, and easier access. Being able to run with a 500 mL flask without bouncing is a game changer. Having loops to carry trekking poles is an added bonus. Stock photo üòÜ",at://did:plc:qpvtk2gxesbnr7p33fh3jn5r/app.bsky.feed.post/3ltg2qsczac2f,0,0,0,app.bsky.embed.images#view,en,bluesky
lifecraftscentre.bsky.social,LifeCraftsCentre,2025-07-04 22:10:22.199148+00:00,"Expert tips on how to use trekking poles effectively. Learn proper techniques to improve stability, reduce fatigue, and enhance hiking performance. #TrekkingPoles #HikingTips #BackpackingGear

",at://did:plc:vnhuj53uommgrfmeton3smvm/app.bsky.feed.post/3lt6b3eaf6l22,0,0,0,app.bsky.embed.images#view,en,bluesky
pixielle.bsky.social,pixie ü¶áü¶ã,2025-07-03 23:01:24.235000+00:00,and in other news i'm totally getting some trekking poles bc using my sister's was so fun and helped me keep the pace in my walk so much easier,at://did:plc:armithtet3hbxf6xumgyeo5w/app.bsky.feed.post/3lt3thoqjis2z,0,0,0,,en,bluesky
windhorse.bsky.social,Windhorse,2025-07-02 01:26:08.139000+00:00,Yesterday's afternoon hike with friends. Used trekking poles for only the second time (as a rehabilitation aid) and have become a convert.,at://did:plc:7knletuu6y5ano7xlh6mwaau/app.bsky.feed.post/3lsx2mnhtns2h,3,0,1,app.bsky.embed.images#view,en,bluesky
rachelbydesign.bsky.social,Rachel Vought,2025-06-30 23:06:39.172000+00:00,"I've heard some good things about Leki, too. (I got my trekking poles on sale for about $100)

There is also big stick. But then it becomes a quest to find big stick.",at://did:plc:dwwkim2kndr32offg7ly7gpo/app.bsky.feed.post/3lsucecoyhs2e,0,0,0,,en,bluesky
hazelmonforton.com,dr. hazel üêù,2025-06-30 22:15:51.147000+00:00,"Okay hikingsky, do you have a recommendation for trekking poles.",at://did:plc:v5vxd243huv5hwsr5ndayzg5/app.bsky.feed.post/3lsu7jhunkk27,6,0,0,,en,bluesky
nerdonawalk.bsky.social,Nerd On A Walk,2025-06-30 16:41:10.652000+00:00,"I live near justifiably popular long hikes. I deeply admire the guy who got on the bus @ Virginia with me wearing a hydro pack, well worn boots and carrying trekking poles.",at://did:plc:6f7e2h2bvsorxxuvrzifpf7n/app.bsky.feed.post/3lstmszmm522e,0,0,0,,en,bluesky
joermurphy.bsky.social,Joe Murphy,2025-06-28 21:36:03.361000+00:00,"The Lanshan coped with 30-40mph gusts but it was a loud, sleepless night. It also uses trekking poles, which minimises weight but does mean you can't use the poles when it's up. But if you're cycling, it wouldn't be suitable.",at://did:plc:zqf7fv63h7teuuwyyyhe6sxu/app.bsky.feed.post/3lsp4ehrqbc2q,0,0,0,,en,bluesky
mrz55.bsky.social,Just Dave,2025-06-28 15:33:33.456000+00:00,I bet it‚Äôs to increase their arm workouts or reduce knee strain. If running I don‚Äôt use trekking poles but I do when hiking. I have never used then on concrete or asphalt but have seen others do it.,at://did:plc:hronf6zcm6d5tidm4w6hatvg/app.bsky.feed.post/3lsoi4bhco22v,0,0,0,,en,bluesky
cheapproducts.bsky.social,,2025-06-28 00:44:12.063000+00:00,"Winter camping is more accessible than ever with these affordable essential pieces. From lightweight trekking poles to multi-tool knives, gear doesn't have to break the bank. Gear up for adventure without the hefty price tag! #CheapCampingGear #OutdoorAdventure... Cheap Cloths: cutt.ly/nrRdNe33",at://did:plc:une6l5zfdxqzottkuapk6x4i/app.bsky.feed.post/3lsmwfy2sdk27,0,0,0,,en,bluesky
tomnorthfilm.bsky.social,Tom Northenscold,2025-06-27 04:05:13.921000+00:00,"It‚Äôs tempting, but photography will take a backseat to surviving the week. ü§£

I learned on the Kungsleden that it‚Äôs super handy to be able to shoot one handed when hiking with trekking poles. The left hand holds the poles while the right holds the camera.",at://did:plc:wafkp45mmes6uh4ankgi4qom/app.bsky.feed.post/3lskr6joths2n,1,0,0,,en,bluesky
pacesinplaces.bsky.social,ü•æ‚òÅÔ∏èüåèüíåüçÉPaces in Places üá∫üá¶ ‚òÆÔ∏è üå≥üíå,2025-06-24 16:08:40.767000+00:00,"#Falls are awful, sometimes deadly. As a keen walker, I don‚Äôt post this as a fear-based reaction. I want you to get out there, too. But this story! Please use trekking poles even for everyday #walking? I mean have you seen the broken pavements out there, where they even exist, that is? 

#balance",at://did:plc:rjdt2dfkkusipvdlkp5w7kri/app.bsky.feed.post/3lsei7fcclk2x,0,0,0,app.bsky.embed.record#view,en,bluesky
brynstar7.xyz,Ellie and five cats,2025-06-21 18:54:27.766000+00:00,"My knee issues are (probably) not arthritis-related, but trekking poles make a huge difference for how I‚Äôm able to manage on bad knee days, particularly inclines and uneven ground. Plus, they fold up into a little bag, so they‚Äôre easy to keep handy just in case.",at://did:plc:6ymjsoktxnrwu5tzv77ifsun/app.bsky.feed.post/3ls5a334esc2p,1,0,0,,en,bluesky
journeytotheeast.bsky.social,Êù±ÈÅäË®ò,2025-06-21 17:22:39.549000+00:00,"¬´That he is associated with Bukhansan‚Äôs temples says a lot. It tells us this place is more than just a fitness destination for middle-aged hikers with trekking poles and North Face jackets. It‚Äôs sacred ground. And like Wonhyo, it doesn‚Äôt demand perfection.¬ª",at://did:plc:66xfcj7dj2rgoulyoxb6uyhi/app.bsky.feed.post/3ls52wwevxs27,0,0,0,,en,bluesky
nessawinters.bsky.social,NessaW,2025-06-21 11:42:44.510000+00:00,"No #parkrun today...! üò±

Instead had our annual trip to the wonderful little Castle Bytham Midsummer Festival to take part in their 5k trail run.  Still not running (achilles) so cracked out the trekking poles for a nice walk in the sun. Plus, cake in the tea tent afterwards!
#bonus üòâüç∞",at://did:plc:shymxzowflwzzwt7c5nkop6r/app.bsky.feed.post/3ls4hx3u7yc2q,0,0,0,app.bsky.embed.images#view,en,bluesky
hikeitup.bsky.social,,2025-06-17 17:16:53.140000+00:00,Trekking poles can help with that üëç,at://did:plc:rftyyngruchiqwvo7elpsbtc/app.bsky.feed.post/3lrsyqvuels2k,1,0,0,,en,bluesky
sol-cantus.bsky.social,Darius Baktash,2025-06-17 13:28:12.720000+00:00,"When standing, use the aforementioned trekking poles to lean on, as well as slightly shifting weight between legs to rest one side a little. When walking, just walk at the pace you can. Move to the side of the march if you can't move with the pace of the crowd.",at://did:plc:vvcchga3thsaeilrmclqvmbw/app.bsky.feed.post/3lrslxzwv2c2t,1,0,0,,en,bluesky
sol-cantus.bsky.social,Darius Baktash,2025-06-17 13:28:12.715000+00:00,"If you aren't using framed backpacking gear with hip/back support (which gets pricey, even used), then you should only carry about a liter of water and a few high calorie/high hydration snacks. 

Trekking poles or a walking stick are great. You can lean on them and use them to stabilize your gait.",at://did:plc:vvcchga3thsaeilrmclqvmbw/app.bsky.feed.post/3lrslxzwo7k2t,1,0,0,,en,bluesky
sheridesabike.bsky.social,K.H.I.,2025-06-14 01:07:48.331000+00:00,"Thank god for trekking poles, but‚Ä¶yeah.",at://did:plc:bhiotyqjuyatyjgb442hgrec/app.bsky.feed.post/3lrjr7cbfjs2a,0,0,0,,en,bluesky
lifecraftscentre.bsky.social,LifeCraftsCentre,2025-06-12 22:08:18.334960+00:00,"Improve your hiking experience with these top-rated trekking poles - better stability and reduced fatigue! #TrekkingPoles #HikingGear #TrailEssentials

",at://did:plc:vnhuj53uommgrfmeton3smvm/app.bsky.feed.post/3lrgwpfxomx2k,0,0,0,app.bsky.embed.images#view,en,bluesky
lewis-fungus.bsky.social,Lewis (fungus),2025-06-12 21:50:35.424000+00:00,I'm closing in on three years with my left one being unhappy; I can hike 15 miles with trekking poles though,at://did:plc:zcdbghkpg2ri64dhebjvxeqr/app.bsky.feed.post/3lrgvpq2xcs2a,0,0,0,,en,bluesky
radgiegadgie.bsky.social,,2025-06-09 15:08:34.815000+00:00,I use trekking poles a lot now on tough wslks,at://did:plc:7jk5oddjfcweelbr66f5e3bw/app.bsky.feed.post/3lr6nu4i53k2h,1,0,0,,en,bluesky
stevijoe.bsky.social,"Stevijoe Payne, philosopher",2025-06-08 18:02:52.199000+00:00,"2 of 2:
Tiffany had not caught that I was walking, and she just assumed that I was in ""The Old Ranger,"" who was actually tied to the hitching post at Rancho Stevie. I was using trekking poles, so I had to break them down to enter her car. Then, lol, I needed her hand to walk into the hacienda.

END",at://did:plc:54eeeqajvmbc4y5myqexj3rc/app.bsky.feed.post/3lr4h4txnxk2b,0,0,0,,en,bluesky
lueoutdoors.bsky.social,LUE Outdoors,2025-06-08 16:00:38.845000+00:00,"üíØ and not just a better workout: They are game changers (in our op) for people with mobility issues üôåüòç I have EDS, CCI, Osteoarthritis, DDD + a handful of other degenerative conditions >> Trekking poles = I can still hike ü§ó
(Heads Up: Can't read NYT articles without a NYT subscription)",at://did:plc:arbb75pw4v53dpu74rtmbz4k/app.bsky.feed.post/3lr4accdamc2l,0,0,0,app.bsky.embed.external#view,en,bluesky
mselisa.bsky.social,Elisabeth Besancon,2025-06-08 00:41:41.449000+00:00,"We had a challenging but lovely walk in Stewart Memorial Park, Aberdeen, WA, today.  I'm glad I had a cane with me today, and I really should get a pair of trekking poles.",at://did:plc:yqn5xsyq6k6imeckkhmu5ayh/app.bsky.feed.post/3lr2mx3c3cs2o,0,0,0,app.bsky.embed.images#view,en,bluesky
boblv.bsky.social,Boblv,2025-06-07 20:47:28.349000+00:00,Using trekking poles is the only way to hike.,at://did:plc:dq4nnkwtn24ietcorjk76t6x/app.bsky.feed.post/3lr27ub4tv22z,0,0,0,,en,bluesky
stopfordianneil.bsky.social,Neil,2025-06-07 19:42:38.887000+00:00,"For me, trekking poles would be like an umbrella. They would be left in all sorts of places‚Ä¶",at://did:plc:kvkyzmqr2chak44ksgtv6ia2/app.bsky.feed.post/3lr24adtw4s2y,4,0,0,,en,bluesky
ionawonderbox.bsky.social,BERNARD-Dolores ‚ú®,2025-06-07 19:16:18.719000+00:00,"ü§£ü§£ü§£ü§£

I can't even remember sunglasses and sunscreen. I definitely CBA to fuck around with trekking poles.  I do need an easy-to-incorporate upper body workout routine, though.",at://did:plc:xu23p7a5kfst7b4sau2geljs/app.bsky.feed.post/3lr22rauzcs2h,2,0,0,,en,bluesky
cullenish.bsky.social,Cullen Anderson,2025-06-07 19:13:01.506000+00:00,"I will defend trekking poles in regular hiking until the day I die. Sustained 4mph speed on flat ground when I really get going, shock absorbers going down, leverage going up.

Changed the game for me at 23. Save your knees, folks!",at://did:plc:yzf2srzvfjqldrpyge35yq4i/app.bsky.feed.post/3lr22lesjjc2t,0,0,0,,en,bluesky
blog.letteddywin.com,LetTeddyWin,2025-06-07 19:07:59.472000+00:00,"I only started using then a year ago and I'm a convert. With trekking poles, I cover territory faster -- especially on uneven or sloped ground -- and get a better workout. You don't need expensive poles, either.",at://did:plc:5hzkxpgx6mcwu6x3ioeldzav/app.bsky.feed.post/3lr22cerafc24,1,0,0,,en,bluesky
oppositesnakes.bsky.social,Opposite Snakes,2025-06-07 19:01:18.746000+00:00,Trekking poles are amazing. I personally use them skewers for giant kebab. But there are so many different uses you can think of.,at://did:plc:7j2s6tvcexldznjzkg7oepy2/app.bsky.feed.post/3lqzzwgme6c2w,0,0,0,,en,bluesky
nytimes.com,The New York Times,2025-06-07 18:40:04.723081+00:00,"You don‚Äôt need to be a long-distance backpacker ‚Äî or a senior ‚Äî to benefit from using trekking poles, which help you safely go farther, faster and engage your upper body. Here‚Äôs how to reap the benefits.",at://did:plc:eclio37ymobqex2ncko63h4r/app.bsky.feed.post/3lqzyqhofgk2y,13,5,17,app.bsky.embed.external#view,en,bluesky
lanevids.bsky.social,LaneVids & DadReviews (Lane Fournerat),2025-06-06 03:06:59.568000+00:00,Why did the TREKOLOGY trekking poles apply for a desk job? They heard they provide great support on the trails and needed a new path for their career.  (affiliate),at://did:plc:cpkivazjvbqhwzczucsfqfs3/app.bsky.feed.post/3lqvu52urdy2c,0,0,0,,en,bluesky
lifecraftscentre.bsky.social,LifeCraftsCentre,2025-06-04 22:10:22.654649+00:00,"Improve your hiking stability with trekking poles‚Äîproper techniques, benefits, and top picks! #HikingTips #TrekkingPoles #OutdoorAdventure

",at://did:plc:vnhuj53uommgrfmeton3smvm/app.bsky.feed.post/3lqst3qtuwz26,0,0,0,app.bsky.embed.images#view,en,bluesky
wvua23.bsky.social,,2025-06-04 20:15:06.680000+00:00,"Dr. Milady Murphy recommends walking sticks/trekking poles for anyone who wants a way to improve balance, stability and propulsion while hiking.",at://did:plc:fh5ksbhlfgjeuu5imnvspgsg/app.bsky.feed.post/3lqsmnn2oth2h,1,0,0,app.bsky.embed.external#view,en,bluesky
justinhousman.bsky.social,Luthen Rael Fan Club President,2025-06-03 00:40:06.601000+00:00,My library lends out hiking backpacks filled with maps and trekking poles and stuff. You can check out yard tools too.,at://did:plc:dsfyzx53xrcxd526aspgaluc/app.bsky.feed.post/3lqo2jnh5e22a,1,0,5,,en,bluesky
helchose.bsky.social,,2025-06-02 03:46:43.210000+00:00,My over 40 advice is to hike with trekking poles. Even the easy trails can jump up and trip you and send you to urgent care to get bandaged up.,at://did:plc:2rbzxqmytflqrziv2qmwkdhd/app.bsky.feed.post/3lqluifvtrs2z,0,0,0,,en,bluesky
montanajaneofs.bsky.social,Montana Jane,2025-05-31 21:41:18.051000+00:00,Me too. I  think I will bring trekking poles! Lol.,at://did:plc:pg2i7mwpkl74a23keodfwqno/app.bsky.feed.post/3lqipm2ybqk2l,1,0,0,,en,bluesky
sortofdan.bsky.social,Sort of Interesting,2025-05-29 17:50:30.401000+00:00,"These Cascade Mountain Tech Trekking Poles are...
Review: youtu.be/zatNTUeUFsc",at://did:plc:54jirisarjg7ggczty3ydugl/app.bsky.feed.post/3lqdbrjwokc2f,0,0,0,app.bsky.embed.images#view,en,bluesky
vietpdx.bsky.social,Viet,2025-05-27 04:16:55.094000+00:00,"Ran the forest park 50k today!

Ws: bombing down hills didn‚Äôt wreck my quads

Trekking poles are game changers 

Got out of two cramp situations without much trouble

Ls: I need to be on top of my fuel and salt game. Lack of carbs and salt between miles 13-21 led to some cramps and brain fog",at://did:plc:fanxkdypyeg3mplin3iamliz/app.bsky.feed.post/3lq4tev3yik2p,0,0,0,app.bsky.embed.images#view,en,bluesky
elgordopoppy.bsky.social,Mike Francis,2025-05-27 02:41:48.028000+00:00,"Did a solo hike earlier today. I‚Äôve had these trekking poles for a couple years but never used them. I thought they were for old people. I realized that I‚Äôm old, so I gave them a try. Kicking myself for not doing it earlier. Followed it up with some nice cevich√©",at://did:plc:uxq6zdz233r4x4veqfnlyqeq/app.bsky.feed.post/3lq4o2sfyxs2i,1,0,0,app.bsky.embed.images#view,en,bluesky
stevijoe.bsky.social,"Stevijoe Payne, philosopher",2025-05-27 01:33:45.566000+00:00,"I like the poles over a cane because they help my posture, reducing back pain, and the pressure of my weight isn't all on one hand as I tend to do with a cane. Also, I have to justify the money I spent on trekking poles. And they help with dogs.",at://did:plc:54eeeqajvmbc4y5myqexj3rc/app.bsky.feed.post/3lq4kb52vuc2i,1,0,0,,en,bluesky
stevijoe.bsky.social,"Stevijoe Payne, philosopher",2025-05-27 01:21:45.432000+00:00,"Wonderful! The trekking poles are really helping me, although they do slow me down a tad. Without them, I'd be at 3.1 mph. I'm walking about 2.7 mph using the poles. My danger area without them is when I turn my head to check traffic and lose balance. Whee 81! But, I'm still here, a plus.",at://did:plc:54eeeqajvmbc4y5myqexj3rc/app.bsky.feed.post/3lq4jlocrjs2i,3,0,0,app.bsky.embed.images#view,en,bluesky
thekroog.bsky.social,Nicholas,2025-05-24 17:07:42.367000+00:00,"All done! Glad I had my waxed coat today - a bit cold, windy, and rainy out the entire time. Also, trekking poles highly recommend for this trail.",at://did:plc:fu6rycuaoro5fcbfwokwdyib/app.bsky.feed.post/3lpwn2flahs2r,0,0,0,app.bsky.embed.images#view,en,bluesky
amndw2.bsky.social,Amanda Watson,2025-05-23 15:01:50.820000+00:00,Getting ready to head out later today on a travel adventure involving both hiking and opera. This is the most eclectic travel wardrobe I've ever packed. The trekking poles are right next to the formal evening outfit.,at://did:plc:sf35qlpqpoqlbz64t6bqp5mi/app.bsky.feed.post/3lptvkgehp22k,1,0,0,,en,bluesky
crabbyslathers.bsky.social,We the People Matter,2025-05-20 11:02:10.046000+00:00,"üíØ agree - walking is so helpful to mental & physical health. Rain or shine, it keeps me right side up. Highly recommend trekking poles for folks with hip/knee issues",at://did:plc:prh2qxful6xab4k6m3ktoopc/app.bsky.feed.post/3lplwr3fs4c2w,0,0,0,,en,bluesky
dnplservices.bsky.social,,2025-05-20 04:39:48.931000+00:00,"Cascade Mountain Tech Lightweight Aircraft-Grade Aluminum Trekking Poles With Extended Down Grip Plus Tip Kit 

ü´µ‚úÖüîó

 u.wantthis.net/3n4s3wn",at://did:plc:wn4i5fj53fxp6mcmk7b4ssjo/app.bsky.feed.post/3lplbffnr5d2h,0,0,0,app.bsky.embed.images#view,en,bluesky
optesterchris.bsky.social,Chris - Tortured Systems Engineer‚Ñ¢Ô∏è,2025-05-17 19:55:06.753000+00:00,"Zola got a new Nalgene bottle, socks, a small backpack for shorter hikes, and new trekking poles.",at://did:plc:u35wnvjdcmjbe4kylr6hd264/app.bsky.feed.post/3lpfd5cfbxs2h,0,0,0,,en,bluesky
dnplservices.bsky.social,,2025-05-17 15:59:50.054000+00:00,"Covacure Trekking Poles - Collapsible Walking Sticks For Hiking, Lightweight & Foldable Hiking Sticks For Travel, Essential Trekking Gear For Men And Women In Snow Or On Trails 

ü´µ‚úÖüîó

 u.wantthis.net/3n4jemt",at://did:plc:wn4i5fj53fxp6mcmk7b4ssjo/app.bsky.feed.post/3lpevymppat2h,0,0,0,app.bsky.embed.images#view,en,bluesky
squirrel-mirror2.bsky.social,squirrel-mirror2,2025-05-17 04:33:01.673000+00:00,Trekking poles have hardened steel tips that make a real mess of a car's paintwork. Just saying.,at://did:plc:qhlbpyhqvjvzfogbl2pu3zba/app.bsky.feed.post/3lpdpmibqm227,0,0,0,,en,bluesky
slow-blazing.bsky.social,,2025-05-15 16:40:09.861000+00:00,The way down sometimes required throwing the trekking poles first and using hands to hold on to trees and boulders.,at://did:plc:ryjdcdyqrjoojkrj4dx4eabx/app.bsky.feed.post/3lp7xcuh4r226,0,0,0,app.bsky.embed.images#view,en,bluesky
dnplservices.bsky.social,,2025-05-14 11:09:50.233000+00:00,"Cascade Mountain Tech Lightweight Aircraft-Grade Aluminum Trekking Poles With Extended Down Grip Plus Tip Kit 

ü´µ‚úÖüîó

 u.wantthis.net/3n4ayhz",at://did:plc:wn4i5fj53fxp6mcmk7b4ssjo/app.bsky.feed.post/3lp4ufc6vm62n,0,0,0,app.bsky.embed.images#view,en,bluesky
lifecraftscentre.bsky.social,LifeCraftsCentre,2025-05-13 18:01:47.013586+00:00,"Hike farther with less fatigue using these game-changing trekking poles featuring shock absorption, ergonomic grips, and lightweight materials. #TrekkingPoles #HikingSupport #TrailGear

",at://did:plc:vnhuj53uommgrfmeton3smvm/app.bsky.feed.post/3lp32wy2nxj2y,0,0,0,app.bsky.embed.images#view,en,bluesky
nickparish.bsky.social,Nick Parish | CFS Fly Fishing,2025-05-13 03:58:59.574000+00:00,"Another gear note here, get a wading staff. I have a collapsible Simms staff and I use it all the time. In the same way trekking poles make hiking easier, a wading staff makes wading easier. Having that third point of contact really helps.",at://did:plc:7gtqi7w35tvyeie2347mrfif/app.bsky.feed.post/3lozltxnktt2o,1,0,0,,en,bluesky
copperbora.bsky.social,Rosanna P. Brost (she/her/them) üêæüê∫,2025-05-12 17:19:27.785000+00:00,"(Backpacking involves using one's hands pretty constantly, holding trekking poles/gripping environ, and my hands being exposed to questionable hygiene although unlike many I do carry hand sanitizer on the trail haha.)",at://did:plc:yioeit3mmquuzixwmgkomx3o/app.bsky.feed.post/3loyi4eqr422t,0,0,0,,en,bluesky
stevijoe.bsky.social,"Stevijoe Payne, philosopher",2025-05-12 00:59:06.627000+00:00,"I walked 3.59 miles (5.58 km) in 1 hr. 19 minutes 34 seconds, 8,839 steps, and burned 445 calories. I did Pimsleur Spanish course 2, lessons 4, 5, and 6. I put hills in my route. Temperature 83‚Å∞F (28.3‚Å∞C). My trekking poles helped a lot but the hills stressed my back. Good walk though.",at://did:plc:54eeeqajvmbc4y5myqexj3rc/app.bsky.feed.post/3lowrdek6hc2n,3,0,4,app.bsky.embed.images#view,en,bluesky
dnplservices.bsky.social,,2025-05-11 22:49:47.813000+00:00,"Trekology Trek-Z Collapsible Hiking & Trekking Poles - Balance Support For Seniors, Women, And Men, 2Pc Per Set 

ü´µ‚úÖüîó

 u.wantthis.net/3n44ced",at://did:plc:wn4i5fj53fxp6mcmk7b4ssjo/app.bsky.feed.post/3lowk45nhdw2o,0,0,0,app.bsky.embed.images#view,en,bluesky
artcommerce.bsky.social,Michael Odom,2025-05-09 09:27:07.205000+00:00,What‚Äôs your opinion of trekking poles? Too dorky? I‚Äôm coming on 74 and had a bad fall on broken pavement a few days ago. Looking for some better stability.,at://did:plc:2fx3u5mgwsfrfufgpz4parey/app.bsky.feed.post/3loq4cyore22n,0,0,0,,en,bluesky
longtaillaser.bsky.social,LongTailLaser,2025-05-08 21:22:41.165000+00:00,"I have leki trekking poles and ski poles. On the pricier side but light weight, comfy to hold, collapsible, and durable as hell. Probably have 500+ miles on the hiking poles and 100 days on the ski poles and they're still like new.",at://did:plc:ia5hasiq2tki6yoiow2i53bs/app.bsky.feed.post/3loottmaio22t,1,0,0,,en,bluesky
carolannie.bsky.social,Carolannie,2025-05-08 20:51:52.367000+00:00,"Sometimes you win...so I can still buy my trekking poles there üòÅ
#REI #Antiunionism 
",at://did:plc:lqwihsassnzkba6w2xamrga6/app.bsky.feed.post/3loos4j3jxk2h,2,0,1,app.bsky.embed.external#view,en,bluesky
mcboingboing.bsky.social,mcboingboing,2025-05-08 00:05:21.778000+00:00,"Today in #LongCovid: late afternoon was gorgeous, so we took a 30-min walk‚Äîsuuuper slooowly, stopping often to admire flowers and gardens, and I used trekking poles to help conserve energy. Still, I'm exhausted. 

When we got home, I measured out the distance we covered on the Google map: 0.556 mi üòë",at://did:plc:k6okbmarfdefql4d5q2ak6vk/app.bsky.feed.post/3lommhle45s2t,3,0,2,app.bsky.embed.images#view,en,bluesky
lynnjuk.bsky.social,Lynn Jackson,2025-05-03 16:09:15.365000+00:00,"This walk was made harder than it should have been as I left my trekking poles at home.
#hiking #PeakDistrict #journalling",at://did:plc:yppxxwl53itfrlu2wus4e7m7/app.bsky.feed.post/3lobpykdocc2s,0,0,0,app.bsky.embed.images#view,en,bluesky
dnplservices.bsky.social,,2025-05-02 18:09:48.450000+00:00,"Portable Trekking Poles SelfÔºà26in Sticks;Tire Thumper for Truckers, Truckers Tool for Tire; Mountain Camping Supplies Defense Set 

üëÄüîó

 u.wantthis.net/3n3c4me",at://did:plc:wn4i5fj53fxp6mcmk7b4ssjo/app.bsky.feed.post/3lo7gb7ffac2h,0,0,0,app.bsky.embed.images#view,en,bluesky
evergreenfr.bsky.social,Evergreen Fire/Rescue,2025-04-29 16:30:42.370000+00:00,"We hope you join Evergreen Park and Recreation District and us for this new Friends on Foot walking program. It's Free and Fun! For the May event (5/1), EFR will be taking blood pressures and loaning trekking poles to participants.",at://did:plc:ntdozfm55b7jmq4ipyvhj2sb/app.bsky.feed.post/3lnxpd7v7vs2j,0,0,0,app.bsky.embed.images#view,en,bluesky
stevijoe.bsky.social,"Stevijoe Payne, philosopher",2025-04-27 13:14:38.049000+00:00,"Thank you. I'm using a cane to prevent falls from sketchy balance. I didn't trust myself to a cane, so I brought out the trekking poles. I couldn't have done it without them. I lost a shoe, and a woman put softies on my feet to help keep them on. A kind woman tied my Tulsa shoes at end time.",at://did:plc:54eeeqajvmbc4y5myqexj3rc/app.bsky.feed.post/3lnsdgrmds22t,1,0,0,,en,bluesky
motoyuuri.bsky.social,Motoyuuri :>,2025-04-25 15:41:20.095000+00:00,Everyone is saying trekking poles are legitimately very good and can make hiking a lot better if you're worried about your knees (i am) (tall) but. They make you look like such a dork..,at://did:plc:gabpfvpxou547tdbvma5ujtt/app.bsky.feed.post/3lnnkpaxxtk2c,2,0,0,,en,bluesky
mrz55.bsky.social,Just Dave,2025-04-25 01:07:13.427000+00:00,Trekking poles got me to actually speed when doing some moderate to difficult trails. The increased speed got me sure footed enough that after a few yrs of increased mileage I've started to trail run again. Now on longer trails I'll still use poles but I'm trying to go out running twice monthly.,at://did:plc:hronf6zcm6d5tidm4w6hatvg/app.bsky.feed.post/3lnlzu7wpls2a,0,0,0,,en,bluesky
slow-blazing.bsky.social,,2025-04-24 17:17:17.318000+00:00,"A lot of trekking poles get broken scrambling on boulders when they get trapped in holes covered by leaves. A lot of hips, knees, etc. don‚Äôt fair much better.",at://did:plc:ryjdcdyqrjoojkrj4dx4eabx/app.bsky.feed.post/3lnl7lvzypk2x,0,0,0,app.bsky.embed.images#view,en,bluesky
stevijoe.bsky.social,"Stevijoe Payne, philosopher",2025-04-24 04:51:50.671000+00:00,"I walked about 3.7 miles at a 3.3 mph pace. The trekking poles are really helping me and I am not having much back pain. I have finished Pimsleur Spanish course one since I did lessons 28, 29, and 30 enroute to Tulsa and back yesterday. I am on course two and I did lessons 1 and 2 tonight.",at://did:plc:54eeeqajvmbc4y5myqexj3rc/app.bsky.feed.post/3lnjvwxerpk26,1,0,1,,en,bluesky
gillsearl.bsky.social,Gill Searl,2025-04-23 04:43:42.286000+00:00,Really happy with my new design for hiking with Molly. Double bungee cord and fix to my harness with a carabiner. I can‚Äôt trip over the lead now. Roll on the Lake District next week when I‚Äôll be hiking with trekking poles. üòÅüòÅüòÅ,at://did:plc:2adyovldb5nv5zi3qqraqtmh/app.bsky.feed.post/3lnhezi64vs26,0,0,0,app.bsky.embed.images#view,en,bluesky
stevijoe.bsky.social,"Stevijoe Payne, philosopher",2025-04-22 04:35:24.312000+00:00,"I went for a long walk, 3+ miles and used my trekking poles. I'm growing to like them as I get used to them. It's reducing, to eliminating, the back pain I frequently experienced. I did 3 lessons in Spanish, 26, 27, and 28 of course 1 on my walk, and then did lesson 5 of Russian 1 after I came in.",at://did:plc:54eeeqajvmbc4y5myqexj3rc/app.bsky.feed.post/3lneu3przi222,6,0,6,,en,bluesky
dazzlinggeek.bsky.social,Kat =^‚Ä¢^= ü´∂üèªü¶ñ,2025-04-20 21:21:27.733000+00:00,I second walking sticks! I have knee problems so my trekking poles go with me on every adventure!,at://did:plc:q6noh67trxniwpe5cdahqw2y/app.bsky.feed.post/3lnbletvwsc2r,0,0,0,,en,bluesky
slow-blazing.bsky.social,,2025-04-16 01:01:17.811000+00:00,"They are. Several hikers have fallen, injuring hips. Leaves cover holes between the rocks and trekking poles get broken along with bones. Wet rocks are also slippery.",at://did:plc:ryjdcdyqrjoojkrj4dx4eabx/app.bsky.feed.post/3lmvfddnkas2s,1,0,0,,en,bluesky
kirindensetsu.bsky.social,Linden,2025-04-15 00:35:16.919000+00:00,"It makes me a little happy, feeling connection to strangers through stuff like my cup and trekking poles. Aircraft parts use it too. A metal alchemically committed to freedom of movement.",at://did:plc:jjariuxcwps3xx3al34mkeay/app.bsky.feed.post/3lmstfvlzqs2g,0,0,0,,en,bluesky
mightyq25.bsky.social,SherrillQ,2025-04-13 18:57:46.681000+00:00,Today was out #WNYHikingChallenge wrap party at #42North. Fun time meeting new people. Actually won a prize in the raffle! Thank you #GearforAdventure for the super #Leki trekking poles! #outsidechronicles,at://did:plc:q6kdoi5mtroe5j4c6e6sicc2/app.bsky.feed.post/3lmpq3hzhfk2k,0,0,0,app.bsky.embed.images#view,en,bluesky
ohffsgary.bsky.social,Oh FFS Gary,2025-04-12 09:03:23.620000+00:00,They look happy because they just found some trekking poles.,at://did:plc:5mhpxoyjy6nogbuzsjzgigmp/app.bsky.feed.post/3lmm6fplzps2x,0,0,0,,en,bluesky
tonyis.online,Toeknee Cee ü§∑üèª‚Äç‚ôÇÔ∏è,2025-04-12 08:30:18.156000+00:00,This advert on a MacPac shop shows two people with trekking poles. They look happy @spanner.bsky.social,at://did:plc:g7tgfib3ce5pjw6f6rydk5km/app.bsky.feed.post/3lmm4kk4qt227,3,0,0,app.bsky.embed.images#view,en,bluesky
mrz55.bsky.social,Just Dave,2025-04-10 03:14:32.036000+00:00,"Alico Summit heavy boots w/gaiters for winter hikes, lighter waterproof Hi-Tec leather boots for muddy hikes, Lowa waterproof athletic shoe weight boots for summer and Saucony trail runners for days I'm run on smoother trails.
I use trekking poles when hiking the trails that are more difficult.",at://did:plc:hronf6zcm6d5tidm4w6hatvg/app.bsky.feed.post/3lmgjy2rcp22l,0,0,0,,en,bluesky
e-j-terren.bsky.social,EJTerren,2025-04-10 01:58:18.582000+00:00,"Two pieces of gear worth good money are trekking poles and binoculars. After years of birding with ok binocs, I invested in my 'lifetime' pair. After a hike with @ocparkbuilder.bsky.social, when I borrowed her trekking poles, I bought a good set. Shock absorption and cork grips. I üíô them.
#ParkChat",at://did:plc:mjse5fh3l2vgezqedujw2ca4/app.bsky.feed.post/3lmgfpr76kk26,1,0,0,app.bsky.embed.images#view,en,bluesky
zmedia-en.bsky.social,ZMEDIA_Sub,2025-04-05 15:21:17.410000+00:00,"Shinano Long Trail 125 (Source: Rakuten Market). Gossamer Gear LT5 Trekking Poles (pair).

Read more:

",at://did:plc:etjxnuoeyyajyy6rt5npwwz7/app.bsky.feed.post/3lm3adk747k2q,0,0,0,,en,bluesky
zmediaen.bsky.social,Z MEDIA EN,2025-04-05 15:02:35.826000+00:00,"Shinano Long Trail 125 (Source: Rakuten Market). Gossamer Gear LT5 Trekking Poles (pair).

Read more:

",at://did:plc:7c2lvge4tkxtlrxnno6rkd36/app.bsky.feed.post/3lm37doggw42v,0,0,0,,en,bluesky
zmediaen.bsky.social,Z MEDIA EN,2025-04-05 13:50:35.116000+00:00,"Shinano Long Trail 125 (Source: Rakuten Market). Gossamer Gear LT5 Trekking Poles (pair).

Read more:

",at://did:plc:7c2lvge4tkxtlrxnno6rkd36/app.bsky.feed.post/3lm33bge6g42v,0,0,0,,en,bluesky
zmediaen.bsky.social,Z MEDIA EN,2025-04-05 12:57:35.753000+00:00,"Shinano Long Trail 125 (Source: Rakuten Market). Gossamer Gear LT5 Trekking Poles (pair).

Read more:

",at://did:plc:7c2lvge4tkxtlrxnno6rkd36/app.bsky.feed.post/3lm2yapcm3b2u,0,0,0,,en,bluesky
cageyratfish.bsky.social,cagey ratfish  üè≥Ô∏è‚Äç‚ößÔ∏èüá®üá¶,2025-04-04 18:05:19.557000+00:00,"Yeah, same. i hate it, i love climbing hills! 
And my *knees* hate going *downhill*, lol. i finally caved & bought a pair of trekking poles",at://did:plc:zeytbxgl4t3fll3efksmbj7v/app.bsky.feed.post/3llyyxfjoh22i,1,0,0,,en,bluesky
dadbaud.cocktailcon.org,Johnnie,2025-04-04 03:00:25.881000+00:00,"The axe loop has many uses beyond carrying an ice axe. They're excellent for carrying small crossbows, an ice adze, trekking poles, a man-portable anti tank weapon, or just using as a haul loop.",at://did:plc:cmmjpgt34rnm6acboapfh2oi/app.bsky.feed.post/3llxgfd2agk2l,0,0,0,,en,bluesky
perkinsdesigns.bsky.social,Phil,2025-03-30 11:12:20+00:00,"Sasquatch on the¬†Trail

It's a beautiful day for a hike in the forested-mountains of Tennessee, and Sasquatch is all set to hit the trail, with hat and sunglasses, a backpack and trekking poles. If you like this design, you can visit these shops for some really cool products - Redbubble Pixels Tee‚Ä¶",at://did:plc:ygyc34svlxwixa6ihibn6tmg/app.bsky.feed.post/3lllpke6xq32d,0,1,0,app.bsky.embed.external#view,en,bluesky
horizonsports.bsky.social,SavewithTiffany1,2025-03-29 18:48:07.129000+00:00,"‚õ∞Ô∏è Hit the trails with confidence! ‚õ∞Ô∏è TrailBuddy Trekking Poles: Lightweight, collapsible, 7075 aluminum with cork grip. 1  Perfect for hiking, 13% OFF! #TrekkingPoles #HikingGear #Backpacking #OutdoorAdventure #Hiking #Snowshoeing #TrailBuddy #OutdoorGear #Sale #Discount

amzn.to/4j2T694",at://did:plc:c337zpdxipxywbvvzvtzxjge/app.bsky.feed.post/3lljykffay22s,0,0,0,app.bsky.embed.external#view,en,bluesky
dnplservices.bsky.social,,2025-03-29 15:59:49.642000+00:00,"Portable Trekking Poles SelfÔºà26in Sticks; Tire Thumper for Truckers, Truckers Tool for Tire; Mountain Camping Supplies Defense Set 

üëÄüîó

 u.wantthis.net/3myi89w",at://did:plc:wn4i5fj53fxp6mcmk7b4ssjo/app.bsky.feed.post/3lljp5tmdvd2p,0,0,0,app.bsky.embed.external#view,en,bluesky
cherifogleman.bsky.social,Cheri Paige Fogleman,2025-03-28 15:20:07.477000+00:00,"Have you tried trekking poles? Great for the upper body and helping on uneven terrain. 
@aksh30.bsky.social 
@acappellanerd.bsky.social 
#MarchThroughMarchChallenge",at://did:plc:jxrzci7oashp52pqckje6apd/app.bsky.feed.post/3llh4hkfwok2i,1,0,0,app.bsky.embed.external#view,en,bluesky
bizsential.bsky.social,Bizsential,2025-03-27 18:07:26.578000+00:00,"Trekking Poles can boost our walking exercises and heart health 

The addition of poles or sticks forces us, the walker to engage the upper body muscles, as well as the lower body, for more well-rounded movement which offer additional benefits to walking routines.",at://did:plc:skcfic6tvfseap27qjixrpym/app.bsky.feed.post/3llevdsyaas2k,0,0,0,app.bsky.embed.images#view,en,bluesky
thedetoureffect.bsky.social,The Detour Effect,2025-03-27 03:06:16.928000+00:00,"Trekking poles are great weapons, noise-makers, spider web vanquishers, so many uses! #parkchat",at://did:plc:ux3xg6ughyzkzhnhxnte36un/app.bsky.feed.post/3lldcyg5bss2z,0,0,0,,en,bluesky
thedetoureffect.bsky.social,The Detour Effect,2025-03-27 02:14:53.812000+00:00,Do you know if it's true that certain trekking poles are better than others for not attracting lightning? Like carbon fiber vs aluminum #parkchat,at://did:plc:ux3xg6ughyzkzhnhxnte36un/app.bsky.feed.post/3llda4ju2ds2z,1,0,0,,en,bluesky
thedetoureffect.bsky.social,The Detour Effect,2025-03-27 01:31:49.957000+00:00,"Oh yeah great point about the trekking poles, they're a must for me. Never tried the humming before, I'm going to give that a go next time! And make sure it's a happy hum and not the Jaws theme or something lol #parkchat",at://did:plc:ux3xg6ughyzkzhnhxnte36un/app.bsky.feed.post/3lld5pjp2h227,0,0,0,,en,bluesky
blackhillsparks.bsky.social,Black Hills Parks & Forests Association ,2025-03-27 01:29:26.446000+00:00,"A5: Breathe in, hum out. Literally humming can regulate your breath and keep panic at bay. Also: trekking poles = emotional support sticks. #ParkChat",at://did:plc:ycolhkujlrgzjgqtyktanguk/app.bsky.feed.post/3lld5latgyc2s,1,0,0,,en,bluesky
e-j-terren.bsky.social,EJTerren,2025-03-27 01:28:36.334000+00:00,"A4. I would definitely carry bear spray, and probably should even when I'm in black bear country. I always have trekking poles, which might help. I know my ski poles once were enough to prevent a dog from biting me. #ParkChat",at://did:plc:mjse5fh3l2vgezqedujw2ca4/app.bsky.feed.post/3lld5jr27gs26,1,0,0,,en,bluesky
tarotwithjeff.bsky.social,Jeff,2025-03-26 03:06:45.412000+00:00,"Decan: Aries I - Two of Wands
Aries - The Emperor
Decan Ruler: Mars - The Tower

Me with my trekking poles. Sometimes you need assistance to get things moving in the right direction.

DruidCraft Tarot card image (c) 2005, Connections",at://did:plc:gbhjuaq3egr4qgz2ef4du2u7/app.bsky.feed.post/3llaskdu4xk2j,0,0,0,app.bsky.embed.images#view,en,bluesky
laurenshughes.bsky.social,Lauren Hughes,2025-03-23 05:05:07.310000+00:00,"It was slow going for me in a boot and trekking poles, but I made it. It‚Äôs the longest I‚Äôve walked in the six weeks since my accident, and it felt great. #letsroll #onward #speakup #keepmarching #wearestillhere",at://did:plc:2l4isutls5vtc5qjalsbmm3n/app.bsky.feed.post/3lkzhramj5s2j,0,0,0,app.bsky.embed.images#view,en,bluesky
bcmcdowell.bsky.social,bcmcdowell,2025-03-22 18:35:46.417000+00:00,"Just warm enough to spend a little time pulling the winter remnants out of my car (don't worry, I left 1 brush, 2 scrapers and the shovel inside) and realized that in addition to a spare crutch, I've had a pair of trekking poles in there for 2 years. 

If only I had a spare leg in there too.",at://did:plc:2i3rr5wflkbtfstshwmvbn2i/app.bsky.feed.post/3lkyelurn522b,0,0,0,,en,bluesky
deadheadhiker.bsky.social,Amanda,2025-03-17 11:08:44.418000+00:00,"I use trekking poles, my problem is actually one hip and one shoulder, not all the time I‚Äôm on trail, thankfully, but if something is going to protest, it‚Äôs one of those. I think being active helps. I swim, lift, and climb on the stair demon on a regular basis.",at://did:plc:iygfhxhlyguusyxaklrvtin3/app.bsky.feed.post/3lkkzbvz2zc2o,1,0,0,,en,bluesky
nuttersbutters.bsky.social,,2025-03-15 19:37:08.550000+00:00,I needed two trekking poles and snowshoes to do this and I was very scared but so proud of myself! I may have cried like a baby when I got to the other side because of course‚Ä¶ who did I want to call!!!!???,at://did:plc:gget3s2o2k26jfehzx5q5n3v/app.bsky.feed.post/3lkgur63sgc24,0,0,1,,en,bluesky
thekroog.bsky.social,Nicholas,2025-03-15 17:09:14.350000+00:00,"More, heh. Glad I brought both trekking poles. üòÖ",at://did:plc:fu6rycuaoro5fcbfwokwdyib/app.bsky.feed.post/3lkgmiok5tr24,1,0,0,app.bsky.embed.images#view,en,bluesky
seldomseenokie.bsky.social,Meowee Zowee,2025-03-07 15:56:05.905000+00:00,"I don't know if I'll get a durston. But I like the fact that you use your trekking poles as the support for the tent, saves on weight and you don't have to worry about breaking poles and shit. But if a trekking pole breaks...",at://did:plc:g3tektebqp44ijcgkdmu7v3b/app.bsky.feed.post/3ljseok64l22p,0,0,0,,en,bluesky
techrstlamunus.bsky.social,Daedalus,2025-03-04 23:36:43.633000+00:00,"i wouldn't work those delivery jobs without carrying a baton, er, i mean, ""trekking poles"" with me.",at://did:plc:mabm7ugwpbffs6tatqwccxry/app.bsky.feed.post/3ljlmzh6bg22k,0,0,0,,en,bluesky
nullrend.com,nullrend,2025-03-03 08:55:25.509000+00:00,"is this why I'm seeing so many ads for ""trekking poles"" on the clock app",at://did:plc:gg376oihtk7yuhlbnomtn62l/app.bsky.feed.post/3ljhlcng2gr2l,1,0,0,,en,bluesky
lunakitfae.bsky.social,AllShade,2025-03-02 02:55:52.104000+00:00,"I stood there. My forehead resting on my hands, they held a death grip on my trekking poles, and I wept. I cried for everything.
 Regrets, traumas, for the future, the uncertainties and fears. 
 I've spent so much time biting my tongue and wept for all those moments, too.",at://did:plc:sjai27373vpk7z76v4agsntt/app.bsky.feed.post/3ljegqrqg4s2q,0,0,0,,en,bluesky
the-trees.net,A Name With No Horse,2025-03-02 01:12:46.280000+00:00,"On a hiking date and whenever she leans into kiss me I start flailing my trekking poles and yelling ""Leave room for Smokey!""",at://did:plc:h2e3xv56zrlh6jzzf3acwqnv/app.bsky.feed.post/3ljeaygie5c22,0,0,0,,en,bluesky
cynmatheau-hike.bsky.social,Cynthia Matheau Hike,2025-02-28 06:22:51.324000+00:00,"@arlenetl.bsky.social yes, it is hard to decide which was worse. Trekking poles are definitely a good ideaüëç",at://did:plc:pyuyygeowxsmqg5lmdckfwtx/app.bsky.feed.post/3lj7rf2pimc2z,0,0,0,,en,bluesky
hikewithgravity.com,Gravity (Jim Smith),2025-02-26 17:28:08.852000+00:00,"One funny thing about the Appalachian Trail ‚Äì well, maybe not that humorous but odd for me ‚Äì is I tend to lose more items on that trail than others. I lost lip balm, sunglasses, tent stakes, and almost lost my trekking poles, and that was just by Day 4 of my Appalachian High Route thru-hike.",at://did:plc:vq5rgjaj26d6eww6mhdbe5xr/app.bsky.feed.post/3lj3vmu47ls2v,0,0,0,app.bsky.embed.external#view,en,bluesky
katepancakes.bsky.social,,2025-02-25 04:35:24.594000+00:00,I completed my first hike with snowshoes and trekking poles,at://did:plc:srlkj5iz66rl5bysa6l6sugs/app.bsky.feed.post/3lixzy6azks2r,0,0,0,app.bsky.embed.images#view,en,bluesky
pearwoodphoto.bsky.social,Steven Tryon,2025-02-24 19:25:56.954000+00:00,"Not in this one. I almost ended up crawling in the snow after taking ""Seedling"". I was down on one knee with my trekking poles foolishly out of reach and wearing a pack. Standing back up was challenging. But I did it without falling over. Yay, me!",at://did:plc:52okgruaitulnsum7k6t4g4i/app.bsky.feed.post/3lix3bnu3wk2b,0,0,0,,en,bluesky
perkinsdesigns.bsky.social,Phil,2025-02-22 13:00:13+00:00,"Sasquatch Hikes

An ambitious Sasquatch sports a backpack, sunglasses and trekking poles, setting out on an adventure along a trail into the mountains. Looks like the beginning of a great day! If you can dig this scene, then stop by these shops to score some cool stuff... Redbubble Pixels Tee‚Ä¶",at://did:plc:ygyc34svlxwixa6ihibn6tmg/app.bsky.feed.post/3lires5bzzx2j,0,0,0,app.bsky.embed.external#view,en,bluesky
canyonbirds.bsky.social,,2025-02-21 02:04:08.461000+00:00,"I think many know but they just don't care. If you're a small woman like me, if two or more guys are hiking toward you, they'll run you right over if you don't step aside. I've taken to holding my trekking poles forward aggressively. It's ridiculous.",at://did:plc:fjjkqutci3cw57gkzmdci56d/app.bsky.feed.post/3linpnypzqc2e,0,0,0,,en,bluesky
killickvt.bsky.social,Killick ‚öì‚ö°,2025-02-18 13:08:55.254000+00:00,That walk in this morning was greasy as fuck. Thank fuck for trekking poles.,at://did:plc:aih7hvpfucywajegbwe67e5p/app.bsky.feed.post/3lihdfxe7wk2v,0,0,0,app.bsky.embed.external#view,en,bluesky
ssfcfoty13.bsky.social,Mark üáµüá∏ üá∫üá¶,2025-02-16 23:32:49.834000+00:00,"We want to the pet store to get Jackson food and some stairs to get up to the bed, and the ski shop for some trekking poles to go snowshoeing tomorrow. Now watching at RR",at://did:plc:hpq4y7atdkkueazvucgtmrhl/app.bsky.feed.post/3lidfdqtc3c2o,0,0,0,,en,bluesky
bhandel58.bsky.social,BHandel58,2025-02-15 19:54:23.759000+00:00,"yeah, I really miss my trekking poles and snowshoes, same with my dog's orange coat. all of it was in my truck because 3 out of 4 weekends a month I'm in the outdoors.",at://did:plc:ufs7iqowrxasjj4i2wlu7ja3/app.bsky.feed.post/3liaioagxnc2g,1,0,0,app.bsky.embed.images#view,en,bluesky
bhandel58.bsky.social,BHandel58,2025-02-15 17:50:13.872000+00:00,"I've been reluctant to mention this, but my truck was stolen on 02/12/2025 in Yellowstone County. Never thought this would happen to me in #Montana . I did like my truck but it was all my recreational equipment like my tent, my trekking poles and my snowshoes that I had in there that I miss so much.",at://did:plc:ufs7iqowrxasjj4i2wlu7ja3/app.bsky.feed.post/3liabq7oegs2g,5,0,0,,en,bluesky
rexannakeats.bsky.social,Rexanna Keats,2025-02-15 15:39:43.271000+00:00,I haven't used trekking poles regularly since I relearnt how yo walk without assistance.  Borrowed trekking poles on account of the forecast tomorrow from the LIBRARY in case to get to and from work as an essential worker.,at://did:plc:comafhcwdetilbh5zigjulle/app.bsky.feed.post/3lia2gtu4lk2g,0,0,0,app.bsky.embed.images#view,en,bluesky
syd420.bsky.social,syd,2025-02-14 20:27:08.015000+00:00,Walked two miles in the snow with crampons and trekking poles so I'm pretty sure that counts as my exercise for the day.,at://did:plc:ktjm4gcjhbgktmju5yb442ms/app.bsky.feed.post/3li5zzuaigs2b,0,0,0,,en,bluesky
sarahsbrannen.bsky.social,Sarah S. Brannen,2025-02-14 12:20:39.049000+00:00,"Same here! If you don't have ice melt and Yak Trax and trekking poles, make a cup of tea and settle in for a nice day of reading.",at://did:plc:kelf2zs5avbzm3xiuuhvl2o3/app.bsky.feed.post/3li56txhvu22v,1,0,0,,en,bluesky
cdtcoalition.bsky.social,Continental Divide Trail Coalition,2025-02-13 22:07:17.070000+00:00,"üíå Be our trail Valentine! We promise not to hog the trekking poles.

Unless there‚Äôs mud. Then‚Ä¶ no promises.",at://did:plc:w5wdgk4wwcp3vvezrlkgwxge/app.bsky.feed.post/3li3p5zhk7k24,0,0,1,,en,bluesky
germandworm.bsky.social,Germ & Worm,2025-02-13 04:00:26.529000+00:00,"üéß New episode! we answer YOUR travel health questions:
üíâ Routine vs. recommended vs. required vaccines
ü•æ Trekking poles: Help or hassle?
& more!

Listen now! bit.ly/4heKhIw

#DoctorTravel  #TravelTips #TravelVaccines #GermAndWorm #Travel #Health #TravelHealth #Hiking",at://did:plc:emdbze7hrntx5lbiiwriqgom/app.bsky.feed.post/3lhzsgltrbc22,0,0,0,app.bsky.embed.external#view,en,bluesky
blackazzknight.bsky.social,John P. Cummings,2025-02-11 16:49:45.833000+00:00,I bought snowshoes and trekking poles last snowstorm. Tee-hee üòé,at://did:plc:brjsjglwzdnfhoycw7nhwxur/app.bsky.feed.post/3lhw4ifufm225,0,0,0,,en,bluesky
mariecalaisart.bsky.social,Marie,2025-02-09 07:54:04.504000+00:00,"Am a big fan of my trekking poles used when out instead of wheelie walker.  Action shorter steps arms at right angles takes pressure off knees & hips.  $60 Fit for Life ones are great.  
Gives me more freedom as fit on mobility scooter & can navigate kerbs, rough ground etc with ease.",at://did:plc:p4rntrdzptkm4vetzjtom4yu/app.bsky.feed.post/3lhq5molqps2c,1,0,0,app.bsky.embed.images#view,en,bluesky
fellrunningguide.bsky.social,Fell Running Guide ,2025-02-07 16:05:29.146000+00:00,"Video showing how I set up the tarp. Yesterday I used trekking poles rather than the tent pole shown in the video.
youtu.be/71zht0U7GdA",at://did:plc:prm3vf6jpu7dzkuskxu3uqgy/app.bsky.feed.post/3lhly5kfwks2y,0,0,0,,en,bluesky
junkboxjim.bsky.social,JunkboxJim,2025-02-03 18:23:03.872000+00:00,Also: bring trekking poles. I wish I had.,at://did:plc:ejcm44u24c4auofv2e2n7t2z/app.bsky.feed.post/3lhc5xuuzk22c,0,0,0,,en,bluesky
jbonbluesky.bsky.social,JB,2025-02-01 22:45:34.053000+00:00,I have Black Diamond's Alpine Carbon Trekking Poles - highly recommended on rocky/uneven/slick surfaces and when climbing up/down steep trails.,at://did:plc:3lxkxhn5ymj2dpf6j726wsfa/app.bsky.feed.post/3lh5lpgiup22h,1,0,0,,en,bluesky
genesisnz.bsky.social,Rev. Genesis üáÆüá™ üá≥üáø,2025-02-01 09:36:59.296000+00:00,"Hope so. I'm off to Abel Tasman tomorrow but that should be no bother compared to the Kepler. 

Take trekking poles for the descent to Iris Burn if you value your knees üòÜ",at://did:plc:uiqlzcfo55cdw7e2j2iuoo5t/app.bsky.feed.post/3lh47ndn3cs26,0,0,0,,en,bluesky
silverhawthorne.bsky.social,"silver, by the woods (they/them)",2025-01-31 22:04:44.919000+00:00,"It is.

The first year was just blinding, unrelenting pain; last year PT helped enough that I can sit and lay in several positions now. I can‚Äôt stand for long, but my rollator is punk AF. I‚Äôm walking okay with trekking poles and walk small distances unassisted.",at://did:plc:xn6ffgsexjd2wp5gxmrwygd4/app.bsky.feed.post/3lh2yxjejas2u,0,0,0,,en,bluesky
tkmore.bsky.social,Terry Knot Anazi,2025-01-29 18:46:18.674000+00:00,"excellent point!  ok new plan
all can quickly learn german, at least enough to say nein! and other common phrases, wear hiking grear, cameras around necks and carry trekking poles, small backpacks and paper maps while asking for directions to nearest US/national PARK.",at://did:plc:43toemb2yymtgpvlerfqmrsu/app.bsky.feed.post/3lgvmwtrbts27,1,0,0,app.bsky.embed.record#view,en,bluesky
redbearthecelt.bsky.social,Jedula,2025-01-26 20:45:02.442000+00:00,"Glenora Trails, first time using trekking poles, definitely improves my stability.",at://did:plc:4svwbwkgqiq572vsc2jtnyor/app.bsky.feed.post/3lgoc6f5yvk2q,0,0,0,app.bsky.embed.images#view,en,bluesky
mac83704.bsky.social,Michael Carpenter,2025-01-26 04:41:54.118000+00:00,"Tahquitz Canyon waterfall, Palm Springs. Fairly easy 2 mile round trip hike, but there are some rock steps that are over a foot high, so you have to do some step-ups. Trekking poles would be handy. 
#taquitzcanyon #waterfall #waterfallphotography #palmsprings",at://did:plc:w4wlt75ywk5mclawyn2y46vi/app.bsky.feed.post/3lgmme5wep22r,0,0,0,app.bsky.embed.images#view,en,bluesky
trailnamemayor.bsky.social,Gaffer,2025-01-25 23:01:05.944000+00:00,"Elk Knob State Park - 4 miles total, out and back with over 1k ft of elevation gain.  It‚Äôs especially fun in the snow (trekking poles and/or crampons recommended). #828isgreat #hiking #appalachia #northcarolina",at://did:plc:yuvvqygodexahvcne7pwnwwe/app.bsky.feed.post/3lglzcqyzak2b,0,0,0,app.bsky.embed.images#view,en,bluesky
walkwithwallace.bsky.social,Robin Wallace,2025-01-24 09:22:14.280000+00:00,"Using trekking poles doesn‚Äôt really add much stability though, just lifts the flysheet up and off the inner giving you a bit more space. Plus those secondary tie outs are not very strong. Seen one ripped clean because the chap incorrectly used a ground anchor peg on it.",at://did:plc:y4cmdyalzuazo2bqsm6r6kyr/app.bsky.feed.post/3lgi33lwku22r,1,0,0,,en,bluesky
suzq60.bsky.social,Sue S B,2025-01-23 23:53:08.784000+00:00,I totally get it. Refuse buy trekking poles when I can find that perfect hiking stick.,at://did:plc:ks6mqckaln6ymkzxlrryos5l/app.bsky.feed.post/3lgh3byatt227,0,0,0,,en,bluesky
carolsott.bsky.social,Carol Ott üèöÔ∏è,2025-01-23 20:21:38.112000+00:00,Oh good idea. Trekking poles are great!,at://did:plc:quazba4ytpgeracip5bctmna/app.bsky.feed.post/3lggphri4ks2l,0,0,0,,en,bluesky
rahnealexander.com,Charm City Art Spice,2025-01-23 20:16:00.132000+00:00,"yeah, the east-west is terrifying, especially at night. it's why i got trekking poles",at://did:plc:pwtuer6v7ocjeqg4554kwvbb/app.bsky.feed.post/3lggp5p5sx22y,1,0,0,,en,bluesky
dstan58.bsky.social,DStan58,2025-01-23 14:14:07.623000+00:00,"sounds crazy but for winter, having you considered the ruck walk as part of your running training? throw 35-45 lbs in the ruck pack, put on hiking boots, maybe some trekking poles, and head on out.
It's a little safer than running when it's icy. similar muscles. plenty hard.",at://did:plc:tjjqeukegpmvced5qldyfkxk/app.bsky.feed.post/3lgg2wmilvk2p,0,0,0,,en,bluesky
supplyninja.bsky.social,SupplyNinja Daily Deals,2025-01-22 19:31:02.284000+00:00,"PRICE GLITCH!! ‚ùÑÔ∏è Snowshoes with Trekking Poles + Waterproof Snow Leg Gaiters only $31.49 (was $99.99)!
Click coupon + use code WKF57ELD at checkout! 
 #ad",at://did:plc:pes5rs3kr4a5c647j2zn3ful/app.bsky.feed.post/3lge46ezaip2g,0,0,0,app.bsky.embed.images#view,en,bluesky
amingee.bsky.social,Amingee,2025-01-21 23:00:37.463000+00:00,"Check Sierra Trading for trekking poles. They often have very good brands at very good prices. 
But if you go there looking for them they won't have them.",at://did:plc:7vqvfc7jm2fpgebivg3smee3/app.bsky.feed.post/3lgbxg7yizk2g,0,0,0,,en,bluesky
jankybarns.bsky.social,Rob,2025-01-19 23:50:18.372000+00:00,Finally got my hands on a Salomon quiver for carrying my trekking poles on my hydration vest. The Fantasy geek in me is going to feel so badass every time I pull my poles out of this thing.,at://did:plc:kmqj5uccpwpehdd7nahlku5t/app.bsky.feed.post/3lg4zb7w3ak22,0,0,0,app.bsky.embed.images#view,en,bluesky
icreatethings.bsky.social,Anthony Monte Zummo,2025-01-18 20:02:21.589000+00:00,Anyone into #Hiking know about the TETON 75L Explorer pack? I recently started using trekking poles but have no idea how to attach them to this pack when they're not being used. Any advice? #Trekkingpoles,at://did:plc:cgbsytdpziamo5gsuvpnuffb/app.bsky.feed.post/3lg242pa3l22u,0,0,0,,en,bluesky
annasereno.bsky.social,Anna Sereno,2025-01-18 18:18:22.935000+00:00,"Thank you, it was super quiet here, very healing, glad I can hike to it from home - pretty good workout now with the snow and ice - should probably use my trekking poles!",at://did:plc:rsqbaupinpl5b5bbgpkefy57/app.bsky.feed.post/3lfzwarliys2i,0,0,0,,en,bluesky
tarptent.bsky.social,Tarptent,2025-01-16 20:18:53.644000+00:00,"...a few more preview pics of the new tent, full announcement next week. 
-Weight is 36oz if using two sets of trekking poles; +1.5oz for folding struts. 
-Floor is 52"" wide; offset poles + 18"" raised corners give unrivaled interior space",at://did:plc:7e7e2zloizjl7knz6bgizl4t/app.bsky.feed.post/3lfv42gmrts2u,0,0,0,app.bsky.embed.images#view,en,bluesky
jeybecques.bsky.social,Rebecca,2025-01-15 00:15:55.037000+00:00,"today: ok I have the yak trax and trekking poles this will be ok

INCORRECT 

(this time part of the yak trax broke and caught on my other boot)",at://did:plc:sniz2gsxypzpdfgv2e7pf7s3/app.bsky.feed.post/3lfqieg2of22i,2,0,0,,en,bluesky
mollyolivebee.bsky.social,Molly,2025-01-14 18:48:02.853000+00:00,"Hopefully this isn't doxing myself but my dad just told me he went snowshoeing with an outdoorsy group and a couple of ladies in the group around his age gave him the nick name ""Magic Mike"" because ""his posture was good and he was the only one strong enough to not have to use trekking poles"". Help.",at://did:plc:gdzq6oeixnulratgilcgr5n3/app.bsky.feed.post/3lfpw257c6c2h,1,0,0,,en,bluesky
simko-bednarski.bsky.social,Evan Simko-Bednarski,2025-01-14 00:43:52.347000+00:00,"Outdoors hivemind‚ÄîI want a new backpack for family hikes. Basically something to keep extra layers for me and the kids, snacks, water, first aid kit.  External gear attachments (trekking poles etc) are a plus. Must have good side pockets for water bottles‚Ä¶",at://did:plc:gfv5ildtl44hustabaz5zt6h/app.bsky.feed.post/3lfnzhi7egk2t,4,0,0,,en,bluesky
mobiletoadstool.bsky.social,Lee,2025-01-13 03:14:37.997000+00:00,"Dear diary, today I interacted with the public and I hated it. - A Memoir 

There's a kerfuffle at the bottom of my work site. Half a mile into private land that has been closed to the public for a decade, a 60-year-old man with trekking poles is charging through my construction area.",at://did:plc:at4v2df4px5hcsansoz4bnzp/app.bsky.feed.post/3lflrg5dwz22x,1,0,0,,en,bluesky
thenextsummit.bsky.social,The Next Summit (Alex Derr),2025-01-13 02:00:00.724000+00:00,Do you consider hiking with trekking poles essential or optional? ü•æ #Hiking #TrekkingPoles,at://did:plc:2y5b4z6eztmin3eaudjkiggh/app.bsky.feed.post/3lflnapntg323,0,0,0,,en,bluesky
shinyferal.bsky.social,,2025-01-10 21:01:48.356000+00:00,"Glad we cancelled the tour to the glacier. We saw them gathered. It was NOT the excursion for us. We didn't bring our snow suits, trekking poles, or that much horsepower.",at://did:plc:fhoffqlxhyakjhqinutu4xah/app.bsky.feed.post/3lfg3nn37h22c,0,0,0,,en,bluesky
passeriform.bsky.social,Wool-Encased Tea Addict,2025-01-10 01:10:53.988000+00:00,"Seriously, though, don't some hiking sticks/ski poles have, as it were, pitons on the ends? Oh, it seems they are called trekking poles. hikingguy.com/how-to-hike/... 

",at://did:plc:i33m3atdwnpjjocc2spipqex/app.bsky.feed.post/3lfdz44uw7s2l,1,0,0,app.bsky.embed.external#view,en,bluesky
dealradarx.com,Dave's Deal Radar,2025-01-08 12:54:03.282998+00:00,"2pc Collapsible Trekking Poles for $14.50, reg $35.99!
-- Use Promo Code 50LJD6GC
Buy via Amazon ‚¨áÔ∏è
  #amazon #deals",at://did:plc:5o3xhad4glis55hoj3z3mtwh/app.bsky.feed.post/3lfa7hmu2zr2l,0,0,0,app.bsky.embed.external#view,en,bluesky
kikisnags.bsky.social,Kiki the coupon Queen üëë,2025-01-08 11:54:03.248734+00:00,"2pc Collapsible Trekking Poles for $14.50, reg $35.99!
-- Use Promo Code 50LJD6GC
Buy via Amazon ‚¨áÔ∏è
 ",at://did:plc:2loweh7wjbpqka64a77bwu6p/app.bsky.feed.post/3lfa44dny3f2e,0,0,0,app.bsky.embed.external#view,en,bluesky
